orderName,orderAddress
水杯1,广东省大同市九龙县
胶带2,广东省大同市九龙县
餐巾纸3,广东省大同市九龙县
眼睛盒4,广东省大同市九龙县
刮胡刀6,广东省大同市九龙县
刮胡刀7,广东省大同市九龙县
刮胡刀8,广东省大同市九龙县
刮胡刀9,广东省大同市九龙县
刮胡刀10,广东省大同市九龙县
刮胡刀11,广东省大同市九龙县
刮胡刀12,广东省大同市九龙县
刮胡刀13,广东省大同市九龙县
刮胡刀14,广东省大同市九龙县
刮胡刀15,广东省大同市九龙县
刮胡刀16,广东省大同市九龙县
刮胡刀17,广东省大同市九龙县
刮胡刀18,广东省大同市九龙县
刮胡刀19,广东省大同市九龙县
刮胡刀20,广东省大同市九龙县
测试商品1,广东省大同市九龙县
测试商品2,广东省大同市九龙县
测试商品3,广东省大同市九龙县
测试商品4,广东省大同市九龙县
测试商品5,广东省大同市九龙县
测试商品6,广东省大同市九龙县
测试商品7,广东省大同市九龙县
测试商品8,广东省大同市九龙县
测试商品9,广东省大同市九龙县
测试商品10,广东省大同市九龙县
测试商品11,广东省大同市九龙县
测试商品12,广东省大同市九龙县
测试商品13,广东省大同市九龙县
测试商品14,广东省大同市九龙县
测试商品15,广东省大同市九龙县
测试商品16,广东省大同市九龙县
测试商品17,广东省大同市九龙县
测试商品18,广东省大同市九龙县
测试商品19,广东省大同市九龙县
测试商品20,广东省大同市九龙县
测试商品21,广东省大同市九龙县
测试商品22,广东省大同市九龙县
测试商品23,广东省大同市九龙县
测试商品24,广东省大同市九龙县
测试商品25,广东省大同市九龙县
测试商品26,广东省大同市九龙县
测试商品27,广东省大同市九龙县
测试商品28,广东省大同市九龙县
测试商品29,广东省大同市九龙县
测试商品30,广东省大同市九龙县
